{
  "view/App.view.xml": 1645097697383,
  "Component.js": 1645097697383,
  "model/models.js": 1645097697383,
  "model/formatter.js": 1645097697383,
  "controller/Worklist.controller.js": 1645097697383,
  "controller/Object.controller.js": 1645097697383,
  "controller/NotFound.controller.js": 1645097697383,
  "controller/ErrorHandler.js": 1645097697383,
  "controller/BaseController.js": 1645097697383,
  "controller/App.controller.js": 1645097697383,
  "manifest.json": 1645102428126,
  "manifest-bundle.zip": 1645102428143,
  "Component-preload.js": 1645102428600,
  "controller/Object-dbg.controller.js": 1645097697383,
  "model/formatter-dbg.js": 1645097697383,
  "controller/Worklist-dbg.controller.js": 1645097697383,
  "model/models-dbg.js": 1645097697383,
  "controller/NotFound-dbg.controller.js": 1645097697383,
  "controller/ErrorHandler-dbg.js": 1645097697383,
  "controller/BaseController-dbg.js": 1645097697383,
  "controller/App-dbg.controller.js": 1645097697383,
  "Component-dbg.js": 1645097697383,
  "view/Worklist.view.xml": 1645097697383,
  "view/ObjectNotFound.view.xml": 1645097697383,
  "view/Object.view.xml": 1645097697383,
  "view/NotFound.view.xml": 1645097697383,
  "i18n/i18n.properties": 1645097697383,
  "index.html": 1645097697383
}